{
  "accuracy": 0.6876212264385537,
  "precision_class_0": 0.665684987403754,
  "recall_class_0": 0.7491963340854182,
  "f1_class_0": 0.7049760918374057,
  "precision_class_1": 0.7156150241119337,
  "recall_class_1": 0.6264964718940775,
  "f1_class_1": 0.6680969340843999,
  "precision_macro": 0.6906500057578439,
  "recall_macro": 0.6878464029897479,
  "f1_macro": 0.6865365129609028,
  "precision_weighted": 0.6907416364513601,
  "recall_weighted": 0.6876212264385537,
  "f1_weighted": 0.6864688330026253,
  "confusion_matrix": [
    [
      37522,
      12561
    ],
    [
      18844,
      31608
    ]
  ],
  "model": "naive_bayes",
  "dataset": "sarc",
  "split": "val",
  "fit_time_seconds": 0.37944841384887695
}