{
  "accuracy": 0.8217592592592593,
  "precision_class_0": 0.825,
  "recall_class_0": 0.791095890410959,
  "f1_class_0": 0.8076923076923077,
  "precision_class_1": 0.8190677966101695,
  "recall_class_1": 0.8492970123022847,
  "f1_class_1": 0.8339085418464194,
  "precision_macro": 0.8220338983050848,
  "recall_macro": 0.8201964513566218,
  "f1_macro": 0.8208004247693635,
  "precision_weighted": 0.821874607658506,
  "recall_weighted": 0.8217592592592593,
  "f1_weighted": 0.8215043792049832,
  "confusion_matrix": [
    [
      1617,
      427
    ],
    [
      343,
      1933
    ]
  ],
  "model": "logistic_regression",
  "dataset": "twitter_no_hashtags",
  "split": "test",
  "fit_time_seconds": 1.072068452835083
}