{
  "accuracy": 0.7993055555555556,
  "precision_class_0": 0.8349459305634604,
  "recall_class_0": 0.7177103718199609,
  "f1_class_0": 0.7719021310181531,
  "precision_class_1": 0.7748731954740539,
  "recall_class_1": 0.8725834797891037,
  "f1_class_1": 0.8208307501549907,
  "precision_macro": 0.8049095630187572,
  "recall_macro": 0.7951469258045323,
  "f1_macro": 0.7963664405865719,
  "precision_weighted": 0.8032964988358009,
  "recall_weighted": 0.7993055555555556,
  "f1_weighted": 0.7976802646189499,
  "confusion_matrix": [
    [
      1467,
      577
    ],
    [
      290,
      1986
    ]
  ],
  "model": "naive_bayes",
  "dataset": "twitter_no_hashtags",
  "split": "test",
  "fit_time_seconds": 0.023865938186645508
}