{
  "accuracy": 0.7760083552991496,
  "precision_class_0": 0.7746666932382072,
  "recall_class_0": 0.7761360913665043,
  "f1_class_0": 0.7754006961690754,
  "precision_class_1": 0.77734530145365,
  "recall_class_1": 0.7758815484331332,
  "f1_class_1": 0.7766127352267204,
  "precision_macro": 0.7760059973459286,
  "recall_macro": 0.7760088198998187,
  "f1_macro": 0.7760067156978978,
  "precision_weighted": 0.7760108864353754,
  "recall_weighted": 0.7760083552991496,
  "f1_weighted": 0.7760089279539986,
  "confusion_matrix": [
    [
      38872,
      11212
    ],
    [
      11307,
      39144
    ]
  ],
  "model": "distilbert",
  "dataset": "sarc",
  "split": "test",
  "best_val_f1_macro": 0.7758664147780474
}