{
  "accuracy": 0.751439797085592,
  "precision_class_0": 0.7238905840158449,
  "recall_class_0": 0.8100191677980992,
  "f1_class_0": 0.7645368285167771,
  "precision_class_1": 0.7861413287782073,
  "recall_class_1": 0.6932865552714516,
  "f1_class_1": 0.7367999747216751,
  "precision_macro": 0.7550159563970261,
  "recall_macro": 0.7516528615347754,
  "f1_macro": 0.7506684016192261,
  "precision_weighted": 0.7551295786346934,
  "recall_weighted": 0.751439797085592,
  "f1_weighted": 0.7506177753430895,
  "confusion_matrix": [
    [
      40569,
      9515
    ],
    [
      15474,
      34977
    ]
  ],
  "model": "lstm",
  "dataset": "sarc",
  "split": "test",
  "best_val_f1_macro": 0.7496933411343429
}