{
  "accuracy": 0.7986969712040582,
  "precision_class_0": 0.7997910723612841,
  "recall_class_0": 0.7949045603386311,
  "f1_class_0": 0.7973403296549237,
  "precision_class_1": 0.7976239730480524,
  "recall_class_1": 0.8024617946125944,
  "f1_class_1": 0.8000355703106474,
  "precision_macro": 0.7987075227046683,
  "recall_macro": 0.7986831774756127,
  "f1_macro": 0.7986879499827856,
  "precision_weighted": 0.7987035672391689,
  "recall_weighted": 0.7986969712040582,
  "f1_weighted": 0.7986928694303443,
  "confusion_matrix": [
    [
      39812,
      10272
    ],
    [
      9966,
      40485
    ]
  ],
  "model": "roberta",
  "dataset": "sarc",
  "split": "test",
  "best_val_f1_macro": 0.798352995337713,
  "best_epoch": 3,
  "epochs_run": 4,
  "use_parent_context": true
}